Vice President,National Manager,Technology Lead
Assistant Vice President,National Account Manager,Regional Sales
Executive Vice President,National Sales Manager,Marketing Executive
Vice President Operations,National Sales Executive,Sales And Marketing Specialist
Vice President Of Business Development,National Coordinator,Marketing Coordinator
Vice President Finance,National Sales Director,Global Lead
Vice President Sales Marketing,National Account Executive,Marketing Assistant
Regional Vice President,National Head,Marketing Consultant
Associate Vice President,National Operations Manager,Digital Marketing Specialist
Vice President Of Services,National Vice President,Head Of Marketing
Vice President Of Engineering,National Marketing Manager,Marketing Officer
Vice President Business,National Consultant,Marketing Associate
Group Vice President,National Business Manager,Marketing Communications
Branch Vice President,National Development Manager,Program Lead
Managing Director,Vice President National Account,Sales Representative
Executive Director,Vice President National Sales,Sales Associate
Director Of Operations,Regional Manager,Sales Executive
Creative Director,Regional Coordinator,Sales Consultant
Associate Director,Regional Operations Manager,Sales Engineer
Program Director,Regional Account Manager,Area Sales Executive
Finance Director,Regional Lead,Sales Coordinator
Assistant Director,Regional Business Manager,Sales Support Coordinator
Director Of Business Development,Senior Regional Manager,Business Development Executive
Technical Director,Regional Service Manager,Senior Sales Executive
Deputy Director,Regional Specialist,Sales Officer
Project Director,Regional Marketing Manager,Business Specialist
Regional Director,Regional Officer,Team Lead
Vice President Sales,Regional Supervisor,Technical Lead
Director of Sales,Regional Sales Director,Project Lead
Director Of Sales Marketing,Branch Head,Lead Engineer
Director of Marketing,Branch Operations Manager,Group Lead
Vice President Marketing,Regional Director Of Operations,Lead Consultant
Chief Marketing Officer,Branch Sales Manager,Sales Lead
Marketing Director,Branch Administrator,Shift Lead
Sales Director,Branch Operations,Senior Lead
Business Director,Branch Supervisor,Business Intelligence Analyst
Senior Director,Branch Officer,Business Consultant
Senior Branch Manager,Branch Coordinator,Business Analyst
Branch Director,Senior Project Manager,Associate Manager
Senior Vice President,Branch Manager,Regional Sales Manager
,Marketing Manager,Program Analyst
,Sales Marketing Manager,Business Development
,Senior Marketing Manager,Technical Analyst
,Sales Manager,Associate Broker
,Business Manager,Associate Consultant
,Account Manager,Guest Services Associate
,Project Manager,Client Service Associate
,General Manager,Member Services Associate
,Assistant Manager,Process Associate
,Office Manager,Business Operations Associate
,Operations Manager,Administrative Support Associate
,Customer Service Manager,Marketing Consultant
,Program Manager,Consultant
,Area Manager,Independent Consultant
,Finance Manager,Information Technology Consultant
,Service Manager,Principal Consultant
,Senior Manager,Technical Consultant
,Lead Manager,IT Consultant
,Business Development Manager,Recruitment Consultant
,Senior Executive,Management Consultant
,Senior Associate,Financial Consultant
,Senior Accountant,Travel Consultant
,Senior Analyst,Educational Consultant
,Senior Specialist,Service Consultant
,Senior Advisor,Technical Support Analyst
,Senior Lecturer,Financial Analyst
,Senior Business Analyst,Helpdesk Analyst
,Senior Technician,System Analyst
,Senior Account Executive,Data Analyst
,Senior Consultant,Information Technology Analyst
,Senior System Analyst,Research Analyst
,Senior Financial Analyst,Operations Analyst
,Operations Lead,Quality Assurance Analyst
,Business Lead,Credit Analyst
,Lead Specialist,Quality Analyst
,Senior Officer,Inside Sales
,Assistant Branch Manager,Business Administrator
,Branch Service Manager,Business Sales Executive
,Branch Executive,Business Analyst
,Senior Account Manager,Sales Representative
